,PromAp,prediccion
4,19.77,29.48390887167038
8,31.17,38.85397614269874
10,32.87,40.06442846718144
13,42.74,48.829269575968446
17,43.97,58.19933684699681
20,53.1,66.96417795578381
29,108.95,86.30953866008187
33,100.26,95.67960593111023
40,106.92,113.8145143109256
